mutant,DMS_score,DMS_score_bin
M1H,0.1475,0
M1G,-0.00175,0
M1I,0.118,0
M1L,0.0803333329999999,0
M1N,0.4075,0
M1P,-0.03775,0
M1Q,0.1395,0
M1R,0.076333333,0
M1S,0.052833333,0
M1T,0.08725,0
M1V,0.21475,0
M1W,0.024,0
M1Y,0.2365,0
M1C,0.022,0
M1A,0.07875,0
M1D,0.034,0
M1F,0.059,0
M1E,0.1155,0
A2C,0.8935,1
A2W,0.833,1
A2D,1.0375,1
A2E,1.013,1
A2F,1.0605,1
A2G,0.7170000000000001,0
A2Y,1.08,1
A2I,1.057333333,1
A2K,1.0695,1
A2L,1.022666667,1
A2H,1.0095,1
A2N,1.0545,1
A2M,1.035,1
A2T,1.01075,1
A2S,1.009166667,1
A2V,1.03275,1
A2Q,1.0185,1
A2P,0.967,1
A2R,0.981166667,1
K3I,0.985333333,1
K3A,0.6885,0
K3C,0.8355,1
K3D,0.7115,0
K3E,0.918,1
K3F,0.905,1
K3G,0.42875,0
K3H,0.721,0
K3L,0.746,0
K3W,0.064,0
K3N,0.7785,0
K3P,0.91575,1
K3Q,0.981,1
K3R,0.7455,0
K3S,0.480833333,0
K3T,0.7859999999999999,0
K3V,0.8045,1
K3Y,0.705,0
K3M,0.203,0
E4H,0.989,1
E4G,0.67675,0
E4A,0.853,1
E4D,0.992,1
E4C,0.994,1
E4I,1.015666667,1
E4F,1.0455,1
E4K,0.9915,1
E4Q,0.994,1
E4M,1.008,1
E4N,1.0115,1
E4P,0.893,1
E4R,0.810333333,1
E4S,0.950833333,1
E4W,0.6659999999999999,0
E4T,0.997,1
E4V,0.99775,1
E4L,0.9845,1
E4Y,1.017,1
D5Y,1.0605,1
D5S,1.023666667,1
D5T,1.024,1
D5R,0.8490000000000001,1
D5Q,1.0295,1
D5P,0.99025,1
D5N,1.0465,1
D5M,1.038,1
D5L,1.0235,1
D5V,1.0095,1
D5K,1.0255,1
D5H,1.0125,1
D5G,0.8995,1
D5F,1.0485,1
D5A,0.99075,1
D5C,1.0095,1
D5E,1.029,1
D5I,1.0490000000000002,1
D5W,0.873,1
N6A,0.7175,0
N6C,1.0025,1
N6F,1.012,1
N6D,1.0075,1
N6Y,1.005,1
N6W,0.846,1
N6V,0.9965,1
N6T,1.003,1
N6E,0.9795,1
N6R,0.853166667,1
N6Q,1.0045,1
N6S,0.98,1
N6M,0.976,1
N6L,1.004333333,1
N6K,1.007,1
N6I,1.011333333,1
N6H,1.007,1
N6G,0.4595,0
N6P,0.98125,1
I7A,0.82275,1
I7G,0.69125,0
I7C,0.987,1
I7D,0.9705,1
I7E,0.93,1
I7F,1.0245,1
I7H,0.9835,1
I7S,0.9325,1
I7L,0.9545,1
I7K,0.9795,1
I7W,0.964,1
I7V,0.8415,1
I7T,0.882,1
I7Y,0.9845,1
I7Q,0.948,1
I7P,0.79275,0
I7N,0.9715,1
I7M,0.933,1
I7R,0.852666667,1
E8N,0.9755,1
E8V,0.815,1
E8T,0.90825,1
E8S,0.8796666670000001,1
E8R,0.7945,0
E8Q,0.913,1
E8P,0.83225,1
E8M,0.903,1
E8F,0.8785,1
E8K,0.9385,1
E8I,0.908666667,1
E8H,0.9105,1
E8G,0.7705,0
E8D,0.8959999999999999,1
E8C,0.8985,1
E8A,0.77325,0
E8Y,0.9315,1
E8L,0.8875,1
E8W,0.7809999999999999,0
M9C,0.6145,0
M9W,0.6659999999999999,0
M9A,0.71225,0
M9D,0.5920000000000001,0
M9E,0.6205,0
M9F,0.604,0
M9G,0.63175,0
M9H,0.795,0
M9I,0.7709999999999999,0
M9K,0.89,1
M9Y,0.7245,0
M9N,0.7675,0
M9P,0.5405,0
M9Q,0.7759999999999999,0
M9R,0.7785,0
M9S,0.7195,0
M9T,0.72225,0
M9V,0.649,0
M9L,0.7255,0
Q10Y,0.9595,1
Q10T,0.92725,1
Q10S,0.902666667,1
Q10R,0.921666667,1
Q10P,0.9205,1
Q10N,0.943,1
Q10M,0.934,1
Q10A,0.71325,0
Q10I,0.959,1
Q10K,0.9455,1
Q10W,0.916,1
Q10H,0.9025,1
Q10G,0.95775,1
Q10F,0.9015,1
Q10E,0.9765,1
Q10D,0.956,1
Q10C,0.9315,1
Q10L,0.952,1
Q10V,0.95625,1
G11A,0.964,1
G11W,0.032,0
G11C,0.903,1
G11D,-0.2435,0
G11E,-0.0685,0
G11F,0.257,0
G11I,-0.118333333,0
G11K,-0.094,0
G11L,0.172333333,0
G11M,0.5479999999999999,0
G11N,0.0085,0
G11P,0.024,0
G11Q,-0.0415,0
G11R,0.068166667,0
G11S,0.906166667,1
G11Y,0.077,0
G11H,0.042,0
G11V,0.647,0
G11T,0.47575,0
T12V,0.95625,1
T12Q,0.9725,1
T12P,0.68375,0
T12N,0.9835,1
T12M,1.012,1
T12L,0.925333333,1
T12K,0.9825,1
T12I,0.826666667,1
T12H,0.97,1
T12W,0.997,1
T12F,0.982,1
T12E,0.9865,1
T12D,0.9625,1
T12C,0.7385,0
T12A,0.9815,1
T12R,0.977833333,1
T12S,0.987666667,1
T12G,0.96225,1
T12Y,0.9795,1
V13R,-0.048666667,0
V13N,0.8555,1
V13S,0.789333333,0
V13T,0.95475,1
V13W,-0.038,0
V13Y,-0.1105,0
V13M,0.792,0
V13L,0.938666667,1
V13K,-0.0975,0
V13I,0.971666667,1
V13H,-0.016,0
V13G,0.047,0
V13F,0.0445,0
V13E,-0.105,0
V13D,-0.002,0
V13C,0.9695,1
V13A,0.97,1
V13Q,-0.0205,0
V13P,0.3115,0
L14W,0.973,1
L14Y,0.9485,1
L14Q,0.968,1
L14V,0.9555,1
L14A,0.95125,1
L14C,0.9565,1
L14D,0.9495,1
L14E,0.965,1
L14F,0.948,1
L14G,0.9595,1
L14H,0.977,1
L14I,0.973333333,1
L14K,0.959,1
L14M,0.964,1
L14N,0.969,1
L14P,0.045,0
L14R,0.957333333,1
L14S,0.960166667,1
L14T,0.96,1
E15K,0.7635,0
E15I,0.948666667,1
E15R,0.773833333,0
E15Q,0.94,1
E15P,0.30625,0
E15N,0.9625,1
E15L,0.8715,1
E15A,0.9415,1
E15C,0.9605,1
E15M,0.972,1
E15F,0.9755,1
E15G,0.97175,1
E15Y,0.982,1
E15H,0.959,1
E15S,0.962666667,1
E15T,0.94675,1
E15V,0.93775,1
E15W,0.919,1
E15D,0.9665,1
T16V,0.98725,1
T16S,0.968333333,1
T16R,0.997666667,1
T16P,0.96725,1
T16N,1.0095,1
T16M,1.025,1
T16L,0.9935,1
T16G,0.982,1
T16I,1.001,1
T16H,0.9705,1
T16W,0.8059999999999999,1
T16F,0.9375,1
T16E,0.9285,1
T16D,0.98,1
T16C,0.9885,1
T16A,0.989,1
T16K,1.045,1
T16Y,0.964,1
T16Q,0.984,1
L17H,0.9835,1
L17A,0.96775,1
L17D,0.9785,1
L17E,0.9775,1
L17F,0.9705,1
L17G,0.967,1
L17I,1.007666667,1
L17K,1.034,1
L17M,0.988,1
L17C,0.9735,1
L17P,0.3895,0
L17N,1.006,1
L17W,0.955,1
L17V,1.00475,1
L17T,0.97525,1
L17Y,0.9655,1
L17R,0.962166667,1
L17Q,0.9395,1
L17S,0.989833333,1
P18I,0.997,1
P18A,0.9285,1
P18C,0.948,1
P18D,0.4855,0
P18E,0.528,0
P18F,0.984,1
P18G,0.8985,1
P18H,0.989,1
P18N,0.9555,1
P18K,0.973,1
P18M,0.981,1
P18Q,0.972,1
P18R,0.9165,1
P18S,0.959,1
P18T,0.97225,1
P18V,0.98425,1
P18W,0.603,0
P18Y,1.004,1
P18L,0.981,1
N19W,1.002,1
N19V,1.007,1
N19T,1.00275,1
N19S,0.995666667,1
N19R,1.010666667,1
N19Q,0.992,1
N19K,1.0135,1
N19M,1.0,1
N19L,0.9925,1
N19I,1.002,1
N19H,1.0235,1
N19G,1.006,1
N19P,0.70075,0
N19F,1.0025,1
N19Y,1.0035,1
N19A,0.998,1
N19E,0.998,1
N19D,0.99,1
N19C,1.001,1
T20Y,0.965,1
T20W,0.913,1
T20V,1.001,1
T20R,0.976166667,1
T20Q,0.971,1
T20P,0.94975,1
T20N,0.9255,1
T20M,0.968,1
T20L,0.964333333,1
T20S,0.9805,1
T20I,0.974666667,1
T20K,0.945,1
T20C,0.979,1
T20D,0.8809999999999999,1
T20A,0.972,1
T20F,0.971,1
T20G,0.97175,1
T20H,0.9695,1
T20E,0.911,1
M21T,0.995,1
M21L,1.002333333,1
M21S,0.995833333,1
M21R,0.992333333,1
M21Q,0.993,1
M21P,0.11125,0
M21N,1.013,1
M21K,1.0085,1
M21E,0.9695,1
M21H,0.9985,1
M21G,0.98975,1
M21F,0.9775,1
M21D,0.949,1
M21C,0.995,1
M21A,0.98625,1
M21V,0.9205,1
M21Y,0.991,1
M21I,0.986666667,1
M21W,0.995,1
F22S,1.009166667,1
F22C,0.9975,1
F22Y,0.984,1
F22W,0.956,1
F22V,0.9475,1
F22R,0.875,1
F22Q,0.9945,1
F22P,0.14825,0
F22N,0.995,1
F22M,0.982,1
F22L,0.8813333329999999,1
F22K,0.8385,1
F22I,0.853666667,1
F22H,0.8895,1
F22G,1.01625,1
F22E,0.4255,0
F22D,0.239,0
F22A,1.0155,1
F22T,0.98675,1
R23Y,0.996,1
R23W,0.978,1
R23L,1.004833333,1
R23F,0.9785,1
R23A,0.9835,1
R23C,0.9955,1
R23D,0.966,1
R23E,0.971,1
R23G,0.986,1
R23I,1.007666667,1
R23K,0.989,1
R23H,0.9865,1
R23M,0.989,1
R23N,0.903,1
R23P,0.96825,1
R23Q,0.9965,1
R23S,0.984833333,1
R23T,0.981,1
R23V,0.9905,1
V24L,0.995333333,1
V24Q,-0.0555,0
V24P,0.06975,0
V24N,0.0065,0
V24M,0.917,1
V24R,0.018833333,0
V24K,-0.0315,0
V24G,-0.04975,0
V24H,0.079,0
V24F,0.1165,0
V24S,0.609666667,0
V24E,0.092,0
V24D,0.0325,0
V24C,1.004,1
V24W,-0.075,0
V24I,0.990666667,1
V24Y,-0.2425,0
V24A,0.999,1
V24T,1.0045,1
E25T,0.994,1
E25Y,1.0035,1
E25W,0.98,1
E25V,0.9935,1
E25A,0.9885,1
E25C,0.996,1
E25D,0.9825,1
E25F,0.9945,1
E25G,0.98925,1
E25R,1.001666667,1
E25I,1.003333333,1
E25K,1.0115,1
E25L,0.986666667,1
E25M,1.009,1
E25N,0.982,1
E25S,0.995,1
E25Q,0.994,1
E25P,0.60225,0
E25H,0.996,1
L26P,0.5985,0
L26A,0.70975,0
L26C,0.7505,0
L26D,0.68,0
L26E,0.616,0
L26F,0.8405,1
L26G,0.69625,0
L26I,0.6990000000000001,0
L26K,0.56,0
L26M,0.826,1
L26N,0.6915,0
L26Y,0.65,0
L26W,0.429,0
L26Q,0.615,0
L26T,0.6545,0
L26S,0.657833333,0
L26R,0.582833333,0
L26H,0.6685,0
L26V,0.73875,0
E27Q,0.826,1
E27P,0.7235,0
E27I,0.835333333,1
E27V,0.86375,1
E27W,0.7759999999999999,0
E27T,0.8405,1
E27S,0.840833333,1
E27A,0.8490000000000001,1
E27C,0.7929999999999999,0
E27D,0.8535,1
E27Y,0.8295,1
E27G,0.81225,1
E27H,0.799,0
E27R,0.819666667,1
E27K,0.8315,1
E27L,0.8440000000000001,1
E27N,0.8335,1
E27M,0.852,1
E27F,0.8125,1
N28Y,0.726,0
N28W,0.736,0
N28V,0.848,1
N28T,0.78575,0
N28S,0.846,1
N28R,0.888,1
N28Q,0.8445,1
N28I,0.891333333,1
N28L,0.842166667,1
N28K,0.9035,1
N28H,0.8525,1
N28G,0.83275,1
N28F,0.7225,0
N28D,0.8435,1
N28C,0.8859999999999999,1
N28A,0.8705,1
N28M,0.8490000000000001,1
N28E,0.7545,0
N28P,0.8205,1
G29P,0.706,0
G29W,1.001,1
G29V,0.981,1
G29T,1.00575,1
G29S,0.9985,1
G29R,1.006666667,1
G29Q,1.0005,1
G29N,0.9985,1
G29Y,0.977,1
G29M,1.002,1
G29K,1.011,1
G29I,0.970333333,1
G29H,1.0085,1
G29F,1.001,1
G29E,1.001,1
G29D,0.994,1
G29C,1.0005,1
G29A,0.9905,1
G29L,0.9985,1
H30G,0.9825,1
H30F,1.002,1
H30K,0.9925,1
H30A,0.99475,1
H30I,0.990333333,1
H30E,0.9465,1
H30Y,0.9865,1
H30C,1.001,1
H30M,1.001,1
H30L,0.984833333,1
H30W,0.997,1
H30T,0.9845,1
H30S,0.983333333,1
H30V,1.00475,1
H30R,0.993166667,1
H30Q,0.987,1
H30P,0.96875,1
H30N,0.9855,1
H30D,0.938,1
V31L,0.997333333,1
V31R,1.011166667,1
V31Q,1.0025,1
V31P,0.992,1
V31N,1.015,1
V31M,0.998,1
V31S,1.009166667,1
V31F,1.007,1
V31I,1.004333333,1
V31H,1.0085,1
V31G,1.004,1
V31E,0.9975,1
V31D,1.005,1
V31C,1.02,1
V31A,1.01325,1
V31K,1.0015,1
V31T,1.00825,1
V31Y,1.007,1
V31W,1.012,1
V32W,0.386,0
V32Y,0.94,1
V32T,0.997,1
V32S,0.9545,1
V32R,0.898666667,1
V32Q,0.9965,1
V32N,0.991,1
V32M,0.988,1
V32L,1.013666667,1
V32P,0.772,0
V32I,1.003333333,1
V32H,0.9465,1
V32G,0.913,1
V32F,0.9655,1
V32E,0.253,0
V32D,0.059,0
V32C,0.97,1
V32A,0.922,1
V32K,0.8735,1
T33E,0.9715,1
T33Y,0.9805,1
T33W,0.991,1
T33A,0.98675,1
T33C,1.007,1
T33D,0.9815,1
T33F,0.9995,1
T33S,0.988,1
T33H,1.012,1
T33I,1.016,1
T33K,1.006,1
T33L,0.999166667,1
T33M,0.998,1
T33N,1.0095,1
T33P,0.8025,1
T33Q,1.0045,1
T33G,0.98225,1
T33R,1.002,1
T33V,1.00875,1
A34K,-0.0685,0
A34P,0.9735,1
A34N,0.8029999999999999,1
A34M,0.8220000000000001,1
A34L,0.760166667,0
A34S,1.006833333,1
A34I,0.7090000000000001,0
A34H,0.296,0
A34G,1.01275,1
A34F,0.3525,0
A34E,0.038,0
A34D,-0.0955,0
A34C,1.001,1
A34T,0.98775,1
A34V,0.93875,1
A34W,-0.155,0
A34Y,0.2055,0
A34R,0.0035,0
A34Q,0.3235,0
H35D,0.6609999999999999,0
H35E,0.609,0
H35F,1.0305,1
H35G,0.9875,1
H35I,0.987333333,1
H35K,0.985,1
H35V,0.98975,1
H35N,0.987,1
H35P,0.97875,1
H35Q,0.9895,1
H35R,1.0085,1
H35S,0.9765,1
H35T,0.9995,1
H35M,0.99,1
H35L,0.999666667,1
H35A,0.9735,1
H35W,0.978,1
H35Y,1.007,1
H35C,0.99,1
I36V,1.0025,1
I36T,0.99225,1
I36S,0.986,1
I36R,0.9555,1
I36Q,0.904,1
I36P,0.97575,1
I36N,0.961,1
I36M,0.981,1
I36L,1.003333333,1
I36H,0.6745,0
I36G,0.9245,1
I36F,0.5329999999999999,0
I36E,0.9335,1
I36D,0.2915,0
I36C,0.9985,1
I36A,0.9495,1
I36K,0.9745,1
I36W,0.319,0
I36Y,0.454,0
S37A,0.93775,1
S37F,0.1745,0
S37G,0.91675,1
S37H,0.8365,1
S37I,0.801333333,1
S37K,0.9425,1
S37L,0.54,0
S37M,0.8420000000000001,1
S37N,0.987,1
S37P,0.30975,0
S37Q,0.7935,0
S37R,0.9795,1
S37T,0.929,1
S37V,0.76775,0
S37W,0.609,0
S37Y,0.528,0
S37E,0.235,0
S37D,0.6579999999999999,0
S37C,0.983,1
G38W,0.8079999999999999,1
G38A,0.83775,1
G38C,0.5055,0
G38D,0.2025,0
G38E,0.507,0
G38F,0.8025,1
G38H,0.779,0
G38I,0.359,0
G38K,0.348,0
G38L,0.322833333,0
G38M,0.625,0
G38N,0.6505,0
G38P,0.30725,0
G38Q,0.6075,0
G38R,0.3661666670000001,0
G38S,0.427333333,0
G38T,0.503,0
G38Y,0.8815,1
G38V,0.601,0
K39W,0.5660000000000001,0
K39V,0.895,1
K39I,0.850666667,1
K39C,0.833,1
K39D,0.6695,0
K39E,0.742,0
K39F,0.5785,0
K39G,0.79425,0
K39H,0.863,1
K39A,0.867,1
K39L,0.8745,1
K39N,0.8345,1
K39P,0.866,1
K39Q,0.8390000000000001,1
K39R,0.961333333,1
K39S,0.871833333,1
K39T,0.87075,1
K39M,0.792,0
K39Y,0.3025,0
M40C,0.9215,1
M40D,0.072,0
M40Y,0.174,0
M40E,0.17,0
M40F,0.358,0
M40G,0.34225,0
M40H,0.313,0
M40I,0.95,1
M40A,0.7979999999999999,0
M40L,0.899666667,1
M40K,0.206,0
M40P,0.302,0
M40Q,0.488,0
M40R,0.240833333,0
M40S,0.6023333329999999,0
M40T,0.79575,0
M40V,0.93025,1
M40W,0.146,0
M40N,0.414,0
R41V,0.907,1
R41T,0.8595,1
R41S,0.854166667,1
R41Q,0.88,1
R41P,0.2745,0
R41N,0.856,1
R41M,0.879,1
R41L,0.926333333,1
R41G,0.6675,0
R41I,0.916333333,1
R41H,0.9355,1
R41F,0.914,1
R41E,0.765,0
R41D,0.4945,0
R41W,0.8640000000000001,1
R41A,0.84275,1
R41K,0.9295,1
R41C,0.8465,1
R41Y,0.9,1
K42V,0.88,1
K42W,0.907,1
K42Y,0.905,1
K42A,0.91525,1
K42C,0.899,1
K42D,0.843,1
K42F,0.908,1
K42G,0.916,1
K42H,0.917,1
K42E,0.888,1
K42L,0.8926666670000001,1
K42I,0.8843333329999999,1
K42S,0.910666667,1
K42R,0.973333333,1
K42Q,0.922,1
K42T,0.8965,1
K42N,0.893,1
K42M,0.927,1
K42P,0.33025,0
N43P,0.386,0
N43Y,0.992,1
N43W,0.899,1
N43V,0.78775,0
N43T,0.77,0
N43S,0.91,1
N43R,0.862166667,1
N43Q,0.6625,0
N43M,0.8079999999999999,1
N43K,0.9085,1
N43A,0.90825,1
N43I,0.6436666670000001,0
N43H,0.9915,1
N43G,0.847,1
N43F,0.9675,1
N43E,0.6355,0
N43D,0.591,0
N43C,0.9435,1
N43L,0.845,1
Y44N,1.0045,1
Y44P,0.76675,0
Y44T,0.8715,1
Y44R,0.927,1
Y44S,0.967833333,1
Y44M,0.908,1
Y44Q,1.0515,1
Y44L,0.920833333,1
Y44F,1.12,1
Y44I,0.948666667,1
Y44H,0.961,1
Y44G,0.812,1
Y44E,0.728,0
Y44D,0.62,0
Y44C,0.8785,1
Y44A,0.7525,0
Y44K,1.0215,1
Y44W,0.965,1
Y44V,0.768,0
I45C,0.7165,0
I45Y,0.8075,1
I45W,0.713,0
I45V,0.80525,1
I45T,0.7505,0
I45S,0.783333333,0
I45R,0.7175,0
I45Q,0.78,0
I45P,0.7715,0
I45N,0.8495,1
I45A,0.66975,0
I45L,0.768833333,0
I45K,0.74,0
I45H,0.758,0
I45G,0.7065,0
I45F,0.79,0
I45E,0.7565,0
I45D,0.685,0
I45M,0.608,0
R46V,0.653,0
R46T,0.72725,0
R46S,0.756166667,0
R46Q,0.738,0
R46P,0.47075,0
R46N,0.742,0
R46M,0.732,0
R46K,0.893,1
R46F,0.6629999999999999,0
R46H,0.7875,0
R46G,0.77525,0
R46E,0.5285,0
R46D,0.4175,0
R46A,0.75725,0
R46C,0.7645,0
R46W,0.178,0
R46I,0.724333333,0
R46Y,0.7415,0
R46L,0.672166667,0
I47D,0.0235,0
I47C,0.96,1
I47W,0.258,0
I47V,0.94975,1
I47T,0.97275,1
I47S,0.926333333,1
I47R,0.194666667,0
I47Q,0.42,0
I47P,0.83675,1
I47N,0.765,0
I47Y,0.133,0
I47A,0.9345,1
I47M,0.892,1
I47L,0.971833333,1
I47K,0.242,0
I47H,0.3835,0
I47G,0.75175,0
I47F,0.4765,0
I47E,0.1275,0
L48W,0.917,1
L48Y,0.9005,1
L48T,0.90475,1
L48S,0.9215,1
L48R,0.930166667,1
L48Q,0.946,1
L48P,0.37275,0
L48N,0.9345,1
L48I,0.897,1
L48K,0.9155,1
L48A,0.8909999999999999,1
L48H,0.925,1
L48G,0.89825,1
L48F,0.917,1
L48E,0.8665,1
L48D,0.8495,1
L48V,0.43825,0
L48M,0.959,1
L48C,0.9365,1
T49L,0.917,1
T49R,0.930166667,1
T49W,0.952,1
T49V,0.916,1
T49A,0.93125,1
T49C,0.923,1
T49D,0.9025,1
T49E,0.9305,1
T49F,0.914,1
T49G,0.932,1
T49H,0.923,1
T49I,0.926,1
T49K,0.944,1
T49M,0.969,1
T49N,0.91,1
T49P,0.937,1
T49Q,0.916,1
T49S,0.9295,1
T49Y,0.907,1
G50L,0.8775,1
G50V,0.8895,1
G50W,0.882,1
G50Y,0.8909999999999999,1
G50T,0.8995,1
G50S,0.903,1
G50R,0.9025,1
G50P,0.8855,1
G50N,0.884,1
G50M,0.893,1
G50Q,0.8925,1
G50I,0.877,1
G50H,0.9015,1
G50F,0.8925,1
G50E,0.902,1
G50D,0.9125,1
G50C,0.89,1
G50A,0.921,1
G50K,0.897,1
D51N,0.8435,1
D51G,0.7240000000000001,0
D51H,0.8115,1
D51I,0.426,0
D51K,0.318,0
D51M,0.629,0
D51P,0.02825,0
D51S,0.922333333,1
D51R,0.313166667,0
D51T,0.6335,0
D51V,0.61675,0
D51W,0.197,0
D51Y,0.525,0
D51F,0.468,0
D51Q,0.6995,0
D51E,0.893,1
D51L,0.331666667,0
D51A,0.825,1
D51C,0.8415,1
K52D,0.942,1
K52E,0.949,1
K52A,0.951,1
K52V,0.95775,1
K52T,0.97125,1
K52R,0.966333333,1
K52W,0.97,1
K52Q,0.9525,1
K52S,0.9645,1
K52N,0.9735,1
K52F,0.955,1
K52P,0.96625,1
K52H,0.963,1
K52I,0.966,1
K52G,0.972,1
K52Y,0.9545,1
K52L,0.957333333,1
K52M,0.979,1
K52C,0.9615,1
V53Y,0.165,0
V53N,0.188,0
V53W,0.286,0
V53T,0.949,1
V53S,0.691666667,0
V53R,0.243166667,0
V53Q,0.1515,0
V53P,0.47475,0
V53M,0.755,0
V53F,0.2105,0
V53K,0.024,0
V53I,0.904,1
V53H,-0.0069999999999999,0
V53G,0.75125,0
V53E,0.1835,0
V53D,0.058,0
V53C,0.949,1
V53L,0.952166667,1
V53A,0.95875,1
T54I,0.945,1
T54L,0.951833333,1
T54M,0.963,1
T54P,0.27675,0
T54H,0.9705,1
T54R,0.977833333,1
T54Q,0.964,1
T54N,0.94,1
T54G,0.8985,1
T54K,0.934,1
T54E,0.9465,1
T54D,0.939,1
T54C,0.9655,1
T54A,0.9935,1
T54W,0.95,1
T54Y,0.942,1
T54V,0.97075,1
T54F,0.955,1
T54S,0.976833333,1
V55Y,0.6015,0
V55A,0.9915,1
V55W,0.042,0
V55D,0.059,0
V55C,0.978,1
V55T,0.982,1
V55S,0.855833333,1
V55R,0.0015,0
V55P,0.09925,0
V55N,0.483,0
V55M,0.958,1
V55Q,0.3555,0
V55K,-0.0245,0
V55I,0.916,1
V55H,0.1605,0
V55G,0.40375,0
V55F,0.895,1
V55E,0.031,0
V55L,0.958,1
E56L,0.959833333,1
E56F,0.9395,1
E56G,0.96625,1
E56H,0.987,1
E56I,0.947333333,1
E56K,0.9745,1
E56M,0.958,1
E56W,0.955,1
E56P,0.10625,0
E56Q,0.9915,1
E56R,0.963666667,1
E56S,0.963,1
E56T,0.96975,1
E56V,0.9795,1
E56C,0.967,1
E56Y,0.9715,1
E56N,0.982,1
E56A,0.987,1
E56D,0.979,1
L57F,0.887,1
L57C,0.938,1
L57A,0.9325,1
L57D,0.269,0
L57E,0.8235,1
L57W,0.957,1
L57V,0.9625,1
L57T,0.9435,1
L57S,0.908166667,1
L57Y,0.9315,1
L57Q,0.95,1
L57R,0.950333333,1
L57I,0.938333333,1
L57K,0.914,1
L57H,0.8955,1
L57N,0.8875,1
L57P,0.9405,1
L57M,0.968,1
L57G,0.93825,1
T58Y,0.912,1
T58H,0.9305,1
T58A,0.9095,1
T58C,0.758,0
T58D,0.8815,1
T58E,0.909,1
T58F,0.8225,1
T58G,0.863,1
T58W,0.916,1
T58L,0.842166667,1
T58V,0.951,1
T58I,0.942,1
T58S,0.789666667,0
T58R,0.902666667,1
T58K,0.9045,1
T58P,0.82475,1
T58M,0.848,1
T58N,0.952,1
T58Q,0.969,1
P59Y,0.9395,1
P59W,0.95,1
P59V,0.8995,1
P59T,0.965,1
P59S,0.948333333,1
P59R,0.943833333,1
P59Q,0.971,1
P59M,0.977,1
P59K,0.931,1
P59H,0.9315,1
P59G,0.9455,1
P59F,0.95,1
P59E,0.9245,1
P59N,0.943,1
P59L,0.957666667,1
P59C,0.9425,1
P59A,0.97425,1
P59D,0.946,1
P59I,0.915666667,1
Y60R,0.884,1
Y60A,0.93825,1
Y60C,0.9535,1
Y60D,0.905,1
Y60E,0.931,1
Y60F,0.942,1
Y60G,0.883,1
Y60S,0.9215,1
Y60H,0.964,1
Y60T,0.92325,1
Y60L,0.956166667,1
Y60M,0.95,1
Y60N,0.894,1
Y60P,0.84775,1
Y60Q,0.9275,1
Y60I,0.962666667,1
Y60K,0.905,1
Y60W,0.936,1
Y60V,0.96225,1
D61Y,0.9435,1
D61V,0.794,0
D61T,0.96575,1
D61S,0.962166667,1
D61R,0.637166667,0
D61Q,0.826,1
D61P,0.74425,0
D61N,0.9745,1
D61M,0.9,1
D61W,0.908,1
D61K,0.482,0
D61L,0.8190000000000001,1
D61C,0.9535,1
D61E,0.8745,1
D61A,0.96225,1
D61G,0.9535,1
D61H,0.9255,1
D61I,0.755,0
D61F,0.934,1
L62A,0.95125,1
L62C,0.962,1
L62D,0.9665,1
L62E,0.9585,1
L62F,0.9665,1
L62G,0.94525,1
L62H,0.9665,1
L62K,0.9535,1
L62M,0.963,1
L62N,0.941,1
L62Q,0.974,1
L62R,0.956666667,1
L62S,0.954333333,1
L62T,0.9735,1
L62V,0.9695,1
L62I,0.972666667,1
L62P,0.975,1
L62Y,0.959,1
L62W,0.948,1
S63A,0.75,0
S63E,0.7805,0
S63F,0.831,1
S63G,0.84875,1
S63H,0.835,1
S63I,0.805333333,1
S63K,0.8105,1
S63L,0.793666667,0
S63M,0.794,0
S63N,0.8445,1
S63Q,0.794,0
S63R,0.836333333,1
S63C,0.833,1
S63T,0.789,0
S63V,0.78575,0
S63W,0.84,1
S63Y,0.8355,1
S63P,0.65125,0
S63D,0.7875,0
K64Y,0.7075,0
K64T,0.83025,1
K64A,0.76625,0
K64C,0.6705,0
K64D,0.3255,0
K64E,0.5475,0
K64G,0.691,0
K64H,0.7675,0
K64V,0.8190000000000001,1
K64I,0.833666667,1
K64M,0.843,1
K64N,0.8475,1
K64P,0.35175,0
K64Q,0.8615,1
K64R,0.829833333,1
K64S,0.688,0
K64L,0.796666667,0
K64F,0.7255,0
K64W,0.773,0
G65W,0.174,0
G65V,0.93425,1
G65T,0.68675,0
G65S,0.905333333,1
G65R,0.001333333,0
G65Q,0.0705,0
G65P,0.34525,0
G65N,0.092,0
G65M,0.634,0
G65L,0.144333333,0
G65K,-0.115,0
G65I,0.176,0
G65H,0.0435,0
G65F,0.1675,0
G65E,-0.0085,0
G65D,0.0695,0
G65C,0.9165,1
G65A,0.935,1
G65Y,0.124,0
R66W,0.502,0
R66V,0.81475,1
R66L,0.907666667,1
R66A,0.3795,0
R66C,0.7655,0
R66D,0.035,0
R66E,0.003,0
R66F,0.7095,0
R66G,0.16175,0
R66H,0.2165,0
R66Y,0.6795,0
R66K,0.8809999999999999,1
R66M,0.784,0
R66N,0.327,0
R66P,0.3595,0
R66Q,0.1825,0
R66S,0.353,0
R66T,0.77725,0
R66I,0.888,1
I67S,0.356166667,0
I67R,0.081833333,0
I67Q,0.1055,0
I67P,-0.00875,0
I67N,0.1245,0
I67M,0.985,1
I67L,0.9595,1
I67F,0.5385,0
I67H,0.039,0
I67G,0.2655,0
I67E,-0.0445,0
I67D,-0.0265,0
I67C,0.9585,1
I67A,0.98075,1
I67T,0.95725,1
I67K,0.144,0
I67W,-0.099,0
I67V,0.96925,1
I67Y,0.111,0
V68E,0.938,1
V68A,0.92825,1
V68D,0.866,1
V68Y,0.95,1
V68W,0.976,1
V68T,0.9565,1
V68S,0.956166667,1
V68R,0.984,1
V68Q,0.952,1
V68C,0.9665,1
V68N,0.948,1
V68P,0.70975,0
V68G,0.936,1
V68H,0.9415,1
V68F,0.9935,1
V68K,0.9765,1
V68L,0.982333333,1
V68M,0.964,1
V68I,0.977,1
F69A,0.82425,1
F69Y,0.9935,1
F69C,0.807,1
F69D,0.4165,0
F69E,0.7675,0
F69G,0.75275,0
F69H,0.9235,1
F69I,0.944,1
F69P,0.15425,0
F69L,0.909833333,1
F69M,0.8370000000000001,1
F69N,0.7879999999999999,0
F69Q,0.8515,1
F69R,0.933,1
F69S,0.82,1
F69T,0.86475,1
F69V,0.926,1
F69K,0.934,1
F69W,0.879,1
R70E,0.149,0
R70A,0.65275,0
R70F,0.2945,0
R70G,0.51225,0
R70H,0.1375,0
R70I,0.474333333,0
R70K,0.6205,0
R70L,0.6303333329999999,0
R70M,0.516,0
R70D,0.2985,0
R70P,0.10975,0
R70Q,0.2975,0
R70S,0.549666667,0
R70T,0.56675,0
R70V,0.64025,0
R70W,0.254,0
R70Y,0.3735,0
R70N,0.755,0
R70C,0.598,0
S71W,1.012,1
S71D,0.985,1
S71E,0.959,1
S71F,0.975,1
S71G,0.99575,1
S71H,0.993,1
S71I,0.978333333,1
S71K,0.9895,1
S71L,0.988833333,1
S71M,0.998,1
S71N,0.9865,1
S71P,0.95425,1
S71Q,0.971,1
S71R,0.9955,1
S71T,0.98925,1
S71Y,0.9665,1
S71V,0.99075,1
S71C,1.0,1
S71A,0.98075,1
R72C,0.95,1
R72W,0.924,1
R72A,0.95325,1
R72E,0.8435,1
R72F,0.875,1
R72G,0.96375,1
R72H,0.925,1
R72I,0.836,1
R72K,0.918,1
R72L,0.884,1
R72M,0.901,1
R72N,0.8909999999999999,1
R72P,0.9095,1
R72Q,0.925,1
R72S,0.923333333,1
R72T,0.911,1
R72V,0.90475,1
R72D,0.8535,1
R72Y,0.8625,1
