assay,seq_len,rho_fp32_expt,delta_int8_dyn,fid_int8_dyn,delta_int8_dyn_asym,fid_int8_dyn_asym,delta_int8_dyn_sq,fid_int8_dyn_sq
A0A192B1T2_9HIV1_Haddox_2018,852,0.13157921086160804,-0.0007837511594985247,0.9687356572678327,-0.0001413824490214266,0.9961550992012792,-0.004473281339529067,0.9930788727841438
A0A1I9GEU1_NEIME_Kennouche_2019,161,0.027447900251348845,0.010035875585793285,0.9895313136683126,2.3926996999542455e-05,0.998436717819231,0.0027323181206097696,0.9970690539033215
A0A247D711_LISMN_Stadelmann_2021,87,0.08378238676425884,-0.011757320585663644,0.911637522896927,-0.0071440865741874415,0.9944087383983784,-0.003662415681227771,0.997637910669795
A0A2Z5U3Z0_9INFA_Doud_2016,565,0.4976486470079242,-0.0025356704675597586,0.9815100217015775,-0.0027928400433105405,0.995976951115395,-0.0010603477917364157,0.9910598086577511
A0A2Z5U3Z0_9INFA_Wu_2014,565,0.4812490363051836,-0.003460587002156512,0.97941888246397,-0.0053299402766638915,0.9953137929830654,-0.0035181594741012234,0.990303573925501
A4D664_9INFA_Soh_2019,759,0.21095654985345516,-0.0025968003482494395,0.9696668474447976,0.0010828914166785553,0.9972700549595608,-0.0007791226521689509,0.9961259965902132
A4GRB6_PSEAI_Chen_2020,266,0.7117230965733381,3.778432786738506e-05,0.9911761009194568,0.0016709772446443782,0.9982426349399701,0.003106039202539046,0.9974955634833722
A4_HUMAN_Seuma_2022,770,0.47967671775694903,-0.031198646639200744,0.9725665681462651,-0.009360870935924137,0.9944213068341168,-0.008081720410031357,0.9882827166996343
AACC1_PSEAI_Dandage_2018,177,0.5108110995755487,-0.003934537300907204,0.9927420870416696,-0.0018652522072990507,0.998560287295707,-0.00010071027063318638,0.9980089681410845
ACE2_HUMAN_Chan_2020,805,0.17489633729165752,0.015736472581735994,0.9899061920598303,-0.0012545389928128037,0.9974742373355029,-0.00763602320330703,0.995262022707806
ADRB2_HUMAN_Jones_2020,413,0.5051372907303704,-0.0015817469291702357,0.9940726157168505,-0.001166679405730564,0.9990446719507072,0.0001220667020676025,0.9982590945292306
AICDA_HUMAN_Gajula_2014_3cycles,198,0.3470952680060249,0.00014750396375007302,0.9784054264307609,-0.00999557143449592,0.9947654198978484,-0.006244495487962243,0.9964482815525211
AMFR_HUMAN_Tsuboyama_2023_4G3O,47,0.29715549783230166,0.014183598162383015,0.9961192875712986,0.003454843798535001,0.9992986101694595,-0.0011544819013086793,0.9997502820000052
AMIE_PSEAE_Wrenbeck_2017,346,0.6744483783654985,-0.004124516239374376,0.9819798025904009,-0.0004251089458883195,0.997396014099842,-0.0030033125072207456,0.994491961925255
ANCSZ_Hobbs_2022,627,0.597874891410449,-0.00162821738412533,0.9957662574249796,-0.000810037520352469,0.9991100113169055,-0.00017605784391483414,0.9971153513481991
ARGR_ECOLI_Tsuboyama_2023_1AOY,69,0.499455472316715,-0.024902506320281348,0.8589885074621961,-0.0037697997860885457,0.9940356631864509,-0.0033435910271604197,0.9970097009613978
B2L11_HUMAN_Dutta_2010_binding-Mcl-1,198,0.3668846672895256,0.020853922234375433,0.987557958593583,-0.0004238527344353482,0.9973039535840224,-0.009248488143577205,0.9955703090861118
BBC1_YEAST_Tsuboyama_2023_1TG0,64,0.4576243163680104,-0.0059522425273279556,0.9959602668017684,-0.00553625372852079,0.9992734511624434,0.007129151076576079,0.999055522193316
BCHB_CHLTE_Tsuboyama_2023_2KRU,52,0.5205996665570809,-0.012881132106027038,0.9899579693079578,-0.0006256282636627475,0.998687670320468,0.001584014399536704,0.9988363514177228
BLAT_ECOLX_Deng_2012,286,0.46074305025864853,0.0017028398401302547,0.9824270504949206,0.0009026735589093837,0.9963956092332173,0.0030442527419030085,0.9932591408885812
BLAT_ECOLX_Firnberg_2014,286,0.5728511668468381,0.02725063811938999,0.9822716743055667,0.004222515546299488,0.9963915893412549,-0.0009428186480731071,0.9933733851604895
BLAT_ECOLX_Jacquier_2013,286,0.5879431984396909,0.013335639665394416,0.9809009094841742,0.0024415429600664895,0.9960948476282042,-0.0007991270537812678,0.9925699623837618
BLAT_ECOLX_Stiffler_2015,286,0.5893394010615006,0.026619158568725543,0.9824270504949206,0.00531638878282692,0.9963956092332173,-0.0006864593752189396,0.9932591408885812
C6KNH7_9INFA_Lee_2018,566,0.4048449316964895,0.008105814201894712,0.9668446765944146,-0.0010215914032736806,0.9944781247783502,-0.0007752355906259778,0.9860589081563707
CALM1_HUMAN_Weile_2017,149,0.21799754902818938,-0.0032437395523237933,0.9921797647407015,0.0002728755082400669,0.9980925671910188,-0.0015371530886818807,0.9964860632307064
CAPSD_AAV2S_Sinai_2021,735,0.18304302615052803,-0.01895803703269272,0.9766453333021258,-0.012746007437179657,0.9968407128744217,0.014377600036609234,0.9936854802797974
CASP3_HUMAN_Roychowdhury_2020,258,0.5541174235466694,0.014874380851461422,0.9808492232217538,0.006536761670800084,0.9970058832252374,-0.0038876226385839985,0.99410848790581
CASP7_HUMAN_Roychowdhury_2020,281,0.5722983431572117,0.012462112883493637,0.9865354588660403,0.006671335689167335,0.9964656335253826,0.0011386083811232295,0.9947062456031748
CATR_CHLRE_Tsuboyama_2023_2AMI,72,0.6152015959213933,-0.0001267653788724621,0.9953822649231806,0.003332999861021091,0.9990114505382078,-0.003124381361994333,0.9974837759102659
CBPA2_HUMAN_Tsuboyama_2023_1O6X,72,0.7273087066906441,0.013156229564938449,0.9903132908969755,0.01341314575397401,0.9986431588952663,0.01600092856979407,0.9978278525111974
CBS_HUMAN_Sun_2020,551,0.32921825599253407,-0.006311194847900492,0.9924632136080129,-0.003065090501735368,0.9985595307519475,-0.0017154017191676196,0.9978570381709139
CBX4_HUMAN_Tsuboyama_2023_2K28,50,0.6094347286311191,-0.00688732120561053,0.9913719570091352,-0.004735808478242065,0.9990872463831394,-0.0020213088641997112,0.9993853311844226
CCDB_ECOLI_Adkar_2012,101,0.46328760445522466,0.002039102311588048,0.989750313003647,0.0034956168188438053,0.9974377156922488,0.008466954502868718,0.9951944109610014
CCDB_ECOLI_Tripathi_2016,101,0.52229681338715,-0.0008213723110848115,0.9881277941478968,0.002225699091131461,0.9972457722077912,0.004069850125496988,0.9949906872298659
CCR5_HUMAN_Gill_2023,352,0.3393479419913969,0.00352514678351451,0.9941712037416135,0.0014187877543549443,0.9986964879083929,0.001983462388159385,0.9976504855106014
CD19_HUMAN_Klesmith_2019_FMC_singles,556,0.12314215111879839,-0.014064728445827318,0.9805382114870955,-0.0008367935769858642,0.9963897399020295,0.0034334856730105223,0.9941229031102912
CP2C9_HUMAN_Amorosi_2021_abundance,490,0.6264642864129467,0.0028995513424383557,0.9954107925941144,-0.0010454673343284204,0.9987550299086052,0.0008133421665007523,0.9979815463200185
CP2C9_HUMAN_Amorosi_2021_activity,490,0.6783535123168202,-0.004873101076471875,0.9951197241389614,-0.0005243832608490262,0.9987015484033019,0.0010444262703247498,0.9979982331895862
CSN4_MOUSE_Tsuboyama_2023_1UFM,72,0.4230348541712098,-0.0009807569994494392,0.9933151026607631,-0.0015475304056121186,0.9987867103941013,0.00743852088264102,0.998539678328535
CUE1_YEAST_Tsuboyama_2023_2MYX,52,0.4979004223506323,-0.00453901816731872,0.9885298349228976,0.0026313418536496047,0.9980237277573518,0.00034840222058263315,0.9982109848661592
D7PM05_CLYGR_Somermeyer_2022,235,0.07215444791374256,-0.01571809445746032,0.894906704751897,0.007247874790248493,0.9890329147460506,-0.0027277057060746263,0.9932666927879584
DLG4_HUMAN_Faure_2021,724,0.48747881231274703,0.007071589046326432,0.994642443732751,0.0033478461412647653,0.9984819028295,0.0060522923861675015,0.9980291930211144
DLG4_RAT_McLaughlin_2012,724,0.47769768341471525,-0.0032457804982892746,0.9913733098856085,0.0010971835593344137,0.9976706825423816,0.005455726243111969,0.9965555533328588
DN7A_SACS2_Tsuboyama_2023_1JIC,55,0.3374462438423039,0.02343509397897675,0.9251689397299661,-0.012429556667355679,0.9961562042710616,-0.023733227999625017,0.9934000693775675
DNJA1_HUMAN_Tsuboyama_2023_2LO1,65,0.7527060529242304,0.0033887201781770404,0.9971306559713948,0.001856482407886162,0.9993034223594255,0.00906043182153693,0.9992572842356648
DOCK1_MOUSE_Tsuboyama_2023_2M0Y,66,0.5079106673780882,-0.010382390358987637,0.992414483587042,0.001148088437402106,0.9992707498463853,0.005222439349648611,0.9980457440528874
DYR_ECOLI_Nguyen_2023,159,0.5287939094988087,-0.006471712075773017,0.9971021065465799,-0.001988736059700291,0.9993002082113329,-0.0004920622847580658,0.999062417044032
DYR_ECOLI_Thompson_2019,159,0.5064979123002099,-0.0035507680200588254,0.9965704536355802,-0.00026187213709105706,0.9991644234467143,0.0012026323135582162,0.9988604987708686
ENVZ_ECOLI_Ghose_2023,60,0.15301643673468457,-0.0006896856957013531,0.9836869489936849,0.008247072424775376,0.9952994274033322,-0.0025838673589118066,0.9945827414620468
ENV_HV1B9_DuenasDecamp_2016,853,0.04798439445793469,-0.04261498606797636,0.9761656209462749,-0.005605315382137092,0.9960658733262489,0.00034127275728979,0.9930003341685725
ENV_HV1BR_Haddox_2016,861,0.06927172305050414,0.0020841741755659032,0.9645672868295656,-0.0018561054824526163,0.9960883463435766,0.0008200393809595363,0.9938608171367201
EPHB2_HUMAN_Tsuboyama_2023_1F0M,66,0.7691586679256817,0.005097139179062737,0.9978376027729787,0.003638903698503282,0.9994401568641099,0.00016909991350932962,0.9992254232030564
ESTA_BACSU_Nutschel_2020,212,0.280628834477951,-0.006800971052303706,0.9911296659081722,0.0020481708951590183,0.9980685621330772,0.0007387372662800429,0.99702574543409
F7YBW8_MESOW_Aakre_2015,93,0.3659990907104244,-0.012916350711364655,0.9921857434249152,-0.0017964311345555206,0.9991716403847476,0.025543233195776893,0.9937988852019121
F7YBW8_MESOW_Ding_2023,93,0.4560713145528372,-0.010882567104293583,0.9972136291735069,-0.013918459395321381,0.9991642321172701,8.394348117890527e-05,0.9994797165975187
FECA_ECOLI_Tsuboyama_2023_2D1U,72,0.4803071307567983,0.001680577465986044,0.9939068687039551,0.0001573002403927326,0.9986794162746516,-0.007076909782313623,0.9979715504398209
FKBP3_HUMAN_Tsuboyama_2023_2KFV,69,0.2647579785852322,-0.12675998414796483,0.6130228665087305,-0.016418448501342442,0.9817670063490255,-0.009756916517364322,0.9929599039720555
GAL4_YEAST_Kitzman_2015,881,0.6697618361539208,0.0015680953525375463,0.9936121465537432,-0.0010819070796419528,0.9986338308290342,-0.0014855101017188233,0.9967044257257323
GCN4_YEAST_Staller_2018,281,0.26110940298773283,0.01343629173422567,0.9933909062670043,-0.0009924790895760038,0.9995450944367231,-0.003140069205189111,0.9977469900951379
GDIA_HUMAN_Silverstein_2021,447,0.3562004567099508,0.012261452334512868,0.9794446005378576,0.004170330674509004,0.9955840496440498,-0.003400576871138705,0.989384339552209
GFP_AEQVI_Sarkisyan_2016,238,0.14858975519894882,-0.0239081336029833,0.8919831717885602,-0.0033442326028178815,0.984860054121775,0.006868489127627719,0.9919676716344535
GLPA_HUMAN_Elazar_2016,150,0.380361324857812,0.010285187797076711,0.9829917491843573,0.0019609741161360494,0.9975105708654582,0.000276272601864358,0.9933905665528001
GRB2_HUMAN_Faure_2021,217,0.534520934994048,0.019809314162618774,0.9922745321887284,0.00789985975991836,0.9983688140179396,-0.000698769802104926,0.9981073300117069
HCP_LAMBD_Tsuboyama_2023_2L6Q,55,0.5878949307745008,0.030743515428974688,0.9885640935922567,-0.001615600232517167,0.9983980034589002,0.0006827350883965577,0.9980636343489727
HECD1_HUMAN_Tsuboyama_2023_3DKM,72,0.34018478586504675,-0.018169070470299975,0.9878301066659065,0.004069081401821106,0.9986046819476521,-0.004343023155782666,0.9988158826539117
HEM3_HUMAN_Loggerenberg_2023,361,0.4180256915170506,0.005826063845474461,0.9922386480764356,0.0024602900249828252,0.9987370888055805,0.002961028844830793,0.9975348479474261
HIS7_YEAST_Pokusaeva_2019,220,0.47531830784143986,-0.002310710005714589,0.9897436287283622,0.004097124776978933,0.9962162949151481,-0.012512537556667258,0.9956845330988073
HMDH_HUMAN_Jiang_2019,888,0.3744121203657115,0.019849292108045258,0.9889713542749877,0.0019831121115738704,0.9984983818853811,0.0013908617316620853,0.9967170108470377
HSP82_YEAST_Cote-Hammarlof_2020_growth-H2O2,709,0.3087852797225825,-0.01627326236655241,0.9920094756103727,0.00042422105170553115,0.9972375485614395,0.002457443952555316,0.994710831458813
HSP82_YEAST_Flynn_2019,709,0.3588554964122312,-0.005786586545426797,0.989300966488598,0.0007288084184088328,0.9981684860003402,0.011702630616243936,0.970282062847081
HSP82_YEAST_Mishra_2016,709,0.47289322003269696,-0.0112597846535204,0.9897351696266437,-0.002638699173069692,0.9984904479079778,0.00045592357056789545,0.9731260435330971
HXK4_HUMAN_Gersing_2022_activity,465,0.5079023754623042,0.0004696886540385137,0.9925830881980005,0.0014985390936612664,0.9985430493971036,-0.004236945373893408,0.9972472123458379
HXK4_HUMAN_Gersing_2023_abundance,465,0.3756665636893791,0.002913588218561358,0.992606263222608,0.0013202457370665166,0.9985438103485713,0.0005842808630971974,0.9972434329753883
I6TAH8_I68A0_Doud_2015,498,0.01338631872116696,0.011973986565716164,0.9674761189212293,0.0008985630008002971,0.9983778121160156,0.00039578115220228506,0.9989459256133133
IF1_ECOLI_Kelsic_2016,72,0.5560956478014761,-0.005720846679488689,0.9892846708393932,0.0022583971658289848,0.9985080833527031,-0.0012130579701311595,0.9980547377675177
ILF3_HUMAN_Tsuboyama_2023_2L33,71,0.2824069628366655,0.03553874467402407,0.979734917835894,0.007195885736866747,0.995944639251676,-0.0020150593454276167,0.9935539806097817
ISDH_STAAW_Tsuboyama_2023_2LHR,55,0.4785339946578343,-0.025498279136926982,0.9760896639920893,-0.000569248456835092,0.9981509968854043,-0.004213665918328224,0.999097132632579
KCNE1_HUMAN_Muhammad_2023_expression,129,0.06231420384536857,0.015405220238114338,0.9764733547829568,-0.004015601773719492,0.9965791141265282,-0.004949012931088126,0.9929978542730735
KCNE1_HUMAN_Muhammad_2023_function,129,0.46521985082238415,0.002671641569207295,0.9766027944919254,0.005379210906163223,0.9965897555390414,0.0031741341757551833,0.9930392728787537
KCNJ2_MOUSE_Coyote-Maestas_2022_function,428,0.3851154314103009,-0.0047862098002764975,0.9949799975529968,-0.0010883264825952699,0.999055174159898,-0.00265357569782243,0.9980752984978454
KCNJ2_MOUSE_Coyote-Maestas_2022_surface,428,0.342920374544274,0.002137979770864107,0.99483497245164,0.002930557345306506,0.9990516117330311,-0.003217732991972977,0.9980547523638926
KKA2_KLEPN_Melnikov_2014,264,0.6451471699566832,-0.0015923755647172522,0.994266150397599,0.0020181865058755966,0.9983349685582644,-0.0019745479360845364,0.9974809409317356
LGK_LIPST_Klesmith_2015,439,0.5803039496240326,-0.005510246866194057,0.9899907707569794,-0.0001511817843251606,0.9977134082257786,-0.004496499089068351,0.9961126555197073
LYAM1_HUMAN_Elazar_2016,372,0.42556659726004176,-0.01486989359890556,0.9832505370111755,-0.006912670701198886,0.996070112026555,-0.003284375029662834,0.9935805861994025
MAFG_MOUSE_Tsuboyama_2023_1K1V,41,0.5508142004128502,-0.05751749207902068,0.9859878372169751,0.007373647215050072,0.9993006652124845,-0.0030459564433852337,0.9996968154897657
MBD11_ARATH_Tsuboyama_2023_6ACV,66,0.6850421886493171,0.02735862779779885,0.9887685512551488,-0.0012414105935156794,0.9987754494519581,0.003994825847681516,0.998699864708766
MET_HUMAN_Estevam_2023,287,0.5961928008384558,-0.004535841021656717,0.9946718652714208,-0.0010035650705244592,0.9987100919371341,-0.002424921910081257,0.9971026053554741
MK01_HUMAN_Brenan_2016,360,0.18915803098804243,0.006149519682740967,0.9904176566788659,0.000696510614583451,0.9982830614312487,0.0012846964813378048,0.9973093694875896
MLAC_ECOLI_MacRae_2023,211,0.3823575277010214,-0.005643780943164756,0.9930131209930771,-0.0028381239171547112,0.9987472217254424,-0.0052078067230912906,0.9975720199790835
MSH2_HUMAN_Jia_2020,934,0.2964985357241636,0.015110523354242067,0.9732470606829314,0.0011735041510875788,0.9960619021852902,-0.006120458751482927,0.9501074917221404
MTH3_HAEAE_RockahShmuel_2015,330,0.6082268276315176,-0.007243280344613301,0.992055921315259,0.0014363723441228604,0.9984913839949291,-0.00477674229217917,0.9973050199500306
MTHR_HUMAN_Weile_2021,656,0.27587309720676917,-0.006197601568613376,0.9848943930460595,0.0007028985918745567,0.9974709304379329,0.007734892599996879,0.9952366525681479
MYO3_YEAST_Tsuboyama_2023_2BTT,61,0.5074242405597463,0.027496390660225023,0.9908629570996382,-0.00397278802649792,0.9974148538568454,0.00040519821152218416,0.9979256181685534
NCAP_I34A1_Doud_2015,498,0.03144731835486379,0.002079740099493868,0.9647812522726061,-9.693381680305618e-05,0.9982542151663223,9.521335049350599e-05,0.9989158219391001
NKX31_HUMAN_Tsuboyama_2023_2L9R,61,0.5823503121113369,0.02072008325459851,0.9948068806595726,0.0002477056871788008,0.9990707761995287,0.0005318239792208024,0.9989524761037476
NRAM_I33A0_Jiang_2016,453,0.5405370170470841,0.0328850915500678,0.980229849513471,0.018592377343564892,0.9956608478037009,0.0037518708045729543,0.9884433704532211
NUD15_HUMAN_Suiter_2020,164,0.5834937901732852,-0.004114595183695724,0.9886695560014576,-0.0044111720100964424,0.998503680983786,0.005182977650474263,0.9977216094518642
NUSA_ECOLI_Tsuboyama_2023_1WCL,69,0.532353716111321,-0.01625649061463852,0.9948390683746354,0.00016425518826124197,0.9989339523521997,0.012193935895032926,0.9981852933990447
NUSG_MYCTU_Tsuboyama_2023_2MI6,55,0.5253889501645128,-0.0037155332977815148,0.9913813090815915,-0.00046991224126369247,0.9985951831732933,0.0026886514130746164,0.9987716170383183
OBSCN_HUMAN_Tsuboyama_2023_1V1C,65,0.7860797238997108,0.007598120095523853,0.9870297562204302,-0.007077190355311291,0.9936380837793424,0.0007398271176950466,0.9969057456392062
ODP2_GEOSE_Tsuboyama_2023_1W4G,44,0.08901073850391672,0.060917531485110865,0.9477683452332853,0.0034769688643010027,0.9939420369424824,-0.013895099412177536,0.9945825884074361
OPSD_HUMAN_Wan_2019,348,0.4493388186893918,0.04156591290817602,0.9853477920860857,0.0015721811043695189,0.9972170110464516,0.0045839442415812615,0.9955934367862395
OTC_HUMAN_Lo_2023,354,0.5095859731344979,0.01801233971709626,0.9927972617507658,0.006111623588033077,0.9983560421493506,0.0037268854093615023,0.9971680929056237
OTU7A_HUMAN_Tsuboyama_2023_2L2D,42,0.3621647942778059,0.0021588397045788077,0.9574549420772083,-0.01362188753522997,0.9872519835164939,0.0019194825419232009,0.9935075457204702
OXDA_RHOTO_Vanella_2023_activity,364,0.39028060827277966,-0.0031778928727144717,0.992257455719338,0.001836817384604006,0.9984920846588341,-0.002747394721062335,0.9974964113208261
OXDA_RHOTO_Vanella_2023_expression,364,0.3509820783542683,0.008613007425610553,0.9924359386126245,0.002967561975663058,0.998554803482517,0.0004703645681943258,0.9975661074890473
P53_HUMAN_Giacomelli_2018_Null_Etoposide,393,0.46863352448455337,0.003958963953053396,0.989191194470645,0.000492481222813701,0.9984677451046298,-0.0033441504467858207,0.9969152713063619
P53_HUMAN_Giacomelli_2018_Null_Nutlin,393,0.430845338831885,0.005794682574395582,0.989191194470645,0.0024855980591844684,0.9984677451046298,-0.0015345335789868075,0.9969152713063619
P53_HUMAN_Giacomelli_2018_WT_Nutlin,393,0.44639783553561524,0.009101477783064194,0.989191194470645,0.002760626094406804,0.9984677451046298,-0.00209972595704927,0.9969152713063619
P53_HUMAN_Kotler_2018,393,0.6983686519077006,0.004003715144704434,0.990368243672994,0.0005099374902337583,0.9984866435356294,-0.0040034874501146955,0.9955265440449406
P84126_THETH_Chan_2017,254,0.595584061602616,0.015591459007929243,0.9931036249090307,0.00206488902429125,0.9986693312013677,0.00291558979134543,0.9980466571995901
PABP_YEAST_Melamed_2013,577,0.6837148338345407,-0.005048992452935108,0.9946468114806568,0.0016252742026948708,0.9991354780367363,-0.0016912372193452763,0.9984292808925603
PAI1_HUMAN_Huttinger_2021,402,0.33475918594356313,0.004689515327696014,0.9895888016445282,-0.0021271369399814555,0.9975465446498565,0.0031449893089401937,0.9949419659185068
PA_I34A1_Wu_2015,716,0.041055388106618136,-0.003440979346698847,0.903582763809023,0.0004527097523016818,0.9918017047390741,-0.0012504150621787044,0.9950981163924428
PHOT_CHLRE_Chen_2023,118,0.7141565993258656,-0.018236199618628324,0.9876065609380749,0.0013885475488260024,0.9983372776232687,0.0033579417151178292,0.9976548036842627
PIN1_HUMAN_Tsuboyama_2023_1I6C,39,0.5204623736203821,0.010974390347085916,0.9893724313425366,0.006859644438878876,0.9978818318800212,-0.0080332818538712,0.9971328854628548
PITX2_HUMAN_Tsuboyama_2023_2L7M,52,0.5864404977494572,0.01816206513719032,0.9963017760536703,-0.004330347222567532,0.9991558519269228,0.0050828729972608455,0.9990385487005965
PKN1_HUMAN_Tsuboyama_2023_1URF,71,0.23562451483207225,0.0013467824915699422,0.9787262805036308,-0.0035515570166167465,0.9972065881261669,0.002020999643096738,0.9966454036138473
POLG_DEN26_Suphatrakul_2023,900,0.2753810678537124,-0.010266903299416985,0.9718732783786728,-0.00010896422782935566,0.9950870237175957,-0.004311435461733293,0.9921874202748083
POLG_PESV_Tsuboyama_2023_2MXD,53,0.11437072413137611,-0.06217254126204701,0.977501689618069,-0.0047931026079240935,0.9976413421176312,-0.007164810217326206,0.9983078596019636
PPARG_HUMAN_Majithia_2016,505,0.7359832233952014,-0.0059987609335578895,0.9901673209815343,-0.0028448002759370317,0.9982309744663667,-0.004106737547131312,0.9974350344607489
PPM1D_HUMAN_Miller_2022,605,0.6275136006539104,-0.002084574975089293,0.9927995240806762,-0.0014430689038678057,0.9987615754313426,-0.0022334125879693856,0.997459251098593
PR40A_HUMAN_Tsuboyama_2023_1UZC,63,0.7399970964876119,0.0044333561746866534,0.9916466998423688,-0.006013454928064266,0.9984125923017253,-0.001972678828768837,0.9987539102223021
PRKN_HUMAN_Clausen_2023,465,0.6575540735808585,-0.002719357071955253,0.9914561707817146,-6.712118220053576e-05,0.9983569771589547,-0.002816295284786663,0.9955813634709338
PSAE_PICP2_Tsuboyama_2023_1PSE,68,0.6273314352966723,0.01790929643346484,0.9908903670265081,0.0033128285875505536,0.998625666780972,0.0008762959238486356,0.9984062059264394
PTEN_HUMAN_Matreyek_2021,403,0.26521367293713216,0.02876688696446711,0.9499239644264141,0.007018750802827267,0.9915365735751455,0.017187140224223296,0.9855916854029435
PTEN_HUMAN_Mighell_2018,403,0.30756396944101067,0.028808309887144334,0.955574415340488,0.007676380809092387,0.9919968042963769,0.020797185515416983,0.986210031968449
Q2N0S5_9HIV1_Haddox_2018,860,0.0930693799920658,0.0005402905678421888,0.96764805878141,0.0021238568107932454,0.9963498363934561,-0.005119198187374538,0.9925297395149753
Q53Z42_HUMAN_McShan_2019_binding-TAPBPR,365,0.2871818348378212,-0.013286908681523768,0.9875198622636912,-0.002999544026537293,0.9971270174117364,0.010147410563011605,0.9946844240532702
Q53Z42_HUMAN_McShan_2019_expression,365,0.5502017220741218,-0.0045026289343662595,0.9875198622636912,-0.0012484365715292878,0.9971270174117364,0.011056132724895251,0.9946844240532702
Q59976_STRSQ_Romero_2015,501,0.5597017054767072,0.014240523122163173,0.9921388216987529,-0.0006814581751107829,0.9988309414182991,-0.005947972161814974,0.9979603816123218
Q6WV12_9MAXI_Somermeyer_2022,222,0.01010503364265114,-0.012412476423376027,0.9320560112107755,0.009418265911567122,0.9916635230838503,-0.010277164805891501,0.99383090570393
Q837P4_ENTFA_Meier_2023,589,0.5453105882355651,-0.0074822363537341285,0.991845061249826,-0.0017911388956810548,0.9968831112363181,-0.0008621960587562594,0.9967065890363032
Q837P5_ENTFA_Meier_2023,571,0.4360292455106659,0.01608882114146143,0.9879362712672126,-0.004298862884379695,0.9982474001285191,-0.007330786139585099,0.9963457385338714
Q8WTC7_9CNID_Somermeyer_2022,238,-0.00710473797135925,0.0017202244880122515,0.8838247704293002,-0.019273499812769792,0.9667399275418563,-0.0016237082906312168,0.9843617088675438
R1AB_SARS2_Flynn_2022,306,0.4981613737718889,-0.009293568989083734,0.9791891067115408,-0.005001745571353355,0.9959926736671111,-0.008150503865363201,0.9927869731129684
RAD_ANTMA_Tsuboyama_2023_2CJJ,54,0.467392318869752,0.014347220586188869,0.993474823934022,-0.006649275376258257,0.9978488605887961,0.0005240440922265055,0.9972837539457566
RAF1_HUMAN_Zinkus-Boltz_2019,648,0.4330293809234446,0.01577919502451053,0.9896300954896832,0.0012098720905011628,0.9973054890649453,-0.00365877088051475,0.997164866054623
RASH_HUMAN_Bandaru_2017,189,0.43974753755310453,0.004111428992234767,0.9922147461464159,0.004623687561167322,0.9981792012274465,-0.0013928529264267686,0.995845977172279
RASK_HUMAN_Weng_2022_abundance,188,0.23070985304279032,0.0032005670433906674,0.9943239821045267,0.0007368606665279775,0.9986558096149246,0.015344618027906876,0.9963937247938581
RASK_HUMAN_Weng_2022_binding-DARPin_K55,188,0.563462038932241,0.002541980787609255,0.9944696490317125,0.0021639823263646107,0.998667146708316,-0.006015600220257378,0.9964687904721079
RBP1_HUMAN_Tsuboyama_2023_2KWH,52,0.3282017785499028,0.019620013205127074,0.9777663378941778,0.012615634825828781,0.996314357821864,-0.0004673061523099431,0.9971204703588874
RCD1_ARATH_Tsuboyama_2023_5OAO,57,0.481951410786348,0.027455455074896273,0.9899738840094123,0.007945816975015008,0.9985037555906472,0.002109302189722495,0.998627903461131
RCRO_LAMBD_Tsuboyama_2023_1ORC,63,0.5728263126825909,-0.01638620938584201,0.9918373809017759,-0.011899461175477133,0.9992010869284303,0.0013662486788681427,0.9996774823387883
RD23A_HUMAN_Tsuboyama_2023_1IFY,44,0.4639497190046915,0.007090622736188157,0.9944859844883323,0.0037744181423303713,0.9982981522151465,0.0005939828160328453,0.9989114167143442
RDRP_I33A0_Li_2023,757,0.38899707203617073,-0.02820540482709688,0.9397597998233488,-0.005812064226567437,0.9900422909002699,0.004977764763391124,0.9811368906095942
REV_HV1H2_Fernandes_2016,116,0.2807659952536595,-0.010695448291034415,0.9732857120095912,-0.004920105384275841,0.996303775968351,0.0014525917183679238,0.9951473100001323
RFAH_ECOLI_Tsuboyama_2023_2LCL,55,0.261110862269819,7.224252709964185e-05,0.9945006897092334,0.0018894358320295512,0.9990990755158766,-0.0038961543710248625,0.9978599353060308
RL20_AQUAE_Tsuboyama_2023_1GYZ,59,0.6802318212547658,-0.018437874382599806,0.9944511358508756,-0.002371213652036075,0.9989911272641125,-0.007736091708488768,0.9987852910227683
RL40A_YEAST_Mavor_2016,128,0.44605941112335024,-0.010956913422853487,0.9889089662075217,-0.005577658155389076,0.9965714195753693,0.005774804944661094,0.9962049384744255
RL40A_YEAST_Roscoe_2013,128,0.47936907498267145,-0.011248022862466511,0.9885083713119284,-0.002030064966998202,0.996511816307587,0.016544924830560137,0.995909546804953
RL40A_YEAST_Roscoe_2014,128,0.4273297450431527,0.0165785162433304,0.9894855851990235,-0.0019590986383599684,0.9968458213246985,0.008997866016664247,0.9965005835767751
RNC_ECOLI_Weeks_2023,226,0.595492548324785,-0.005662655523553606,0.9964710947050126,0.00016335156997138167,0.9990005321798467,-0.0016739307574247242,0.9984871099894643
RPC1_BP434_Tsuboyama_2023_1R69,61,0.6874050770358426,-0.006806344329707392,0.9965698891943061,0.0002369890920543849,0.9992871029466096,0.005469313170637036,0.9990145933134121
RPC1_LAMBD_Li_2019_high-expression,237,0.5195948495948496,-0.002016519584273957,0.988468935197594,0.0005190728402801881,0.9977194284420816,-0.003973773628860755,0.9975918479158945
RPC1_LAMBD_Li_2019_low-expression,237,0.5791591741591742,-0.015408993521946357,0.988468935197594,-0.0007310792478200101,0.9977194284420816,-0.007712426426040864,0.9975918479158945
RS15_GEOSE_Tsuboyama_2023_1A32,63,0.37186985852141724,0.00026771573915918,0.9931438877917445,-0.004348941152415131,0.9986124882850966,0.004279844067937966,0.9975792411427409
S22A1_HUMAN_Yee_2023_abundance,553,0.5988878970591176,0.004166635353650472,0.9878910004654653,-0.00034773933323128947,0.9977051402582426,0.0015963061322814553,0.9957059076293007
S22A1_HUMAN_Yee_2023_activity,553,0.5471009845371096,0.0026654105027877906,0.9879485594470169,0.0014010403655370096,0.9977064370466041,0.002798563573579438,0.995696861531418
SAV1_MOUSE_Tsuboyama_2023_2YSB,43,0.5202528432243547,-0.007847039062668482,0.991955064868553,-0.0048781593840376836,0.9984233982507974,-0.00043879051770068234,0.9989686876659889
SBI_STAAM_Tsuboyama_2023_2JVG,56,0.6583209532342033,0.0005553305555202614,0.987699791334622,0.0002753814093852114,0.9981856542774042,-0.004470446036197617,0.9981253667962602
SC6A4_HUMAN_Young_2021,630,0.547654427594971,0.0014422576976869106,0.9945963949562172,-0.0003372252579396662,0.9989698901274496,-0.0012453684368464168,0.9979071078786634
SCIN_STAAR_Tsuboyama_2023_2QFF,70,0.4058042193105741,-0.0284099048726415,0.983905465504401,0.004759663199143449,0.9960739435911641,-0.0001658262349562567,0.998866600490983
SDA_BACSU_Tsuboyama_2023_1PV0,44,0.5976229013903185,-0.01420157740665029,0.998317640815204,0.00015972448873569078,0.999612573561189,-0.0061652394722016,0.9996604986278522
SERC_HUMAN_Xie_2023,370,0.5773859628922845,-0.0008791910642101941,0.9953878769888841,-0.001206865766529397,0.9988849405884553,-0.0002562632942986198,0.9977509550496453
SHOC2_HUMAN_Kwon_2022,582,0.38802785703791565,0.005933456948504223,0.9848039917860488,-0.001712232289053428,0.9968278257081105,-0.0015182134637863887,0.9892956366504544
SOX30_HUMAN_Tsuboyama_2023_7JJK,57,0.26215989577948073,0.0028259114246327877,0.9929315856295706,-0.00045930838700120047,0.9985457080289493,-0.005793916574693858,0.9970623824473683
SPA_STAAU_Tsuboyama_2023_1LP1,55,-0.010033292444354283,-0.0568971446793542,0.9037018254951273,-0.03946320761917,0.9647471073092754,-0.021423074275052807,0.9915731104750707
SPG1_STRSG_Olson_2014,448,0.2511043568139012,-0.004942880025194357,0.98418856147148,0.0029813578659757534,0.9988865991461774,-0.0004792747283151044,0.9986673706815267
SPG1_STRSG_Wu_2016,448,0.1648727570226171,0.0013162190889802194,0.988291692348948,0.0014015943520317153,0.9995005184345219,-0.0008390294204989879,0.9990493061592698
SPG2_STRSG_Tsuboyama_2023_5UBS,56,0.5043977060856998,0.016538580662345703,0.9909532819504684,0.010614494164163601,0.9991921853171818,0.0069360283272903445,0.9991420680147312
SPTN1_CHICK_Tsuboyama_2023_1TUD,60,0.7264874511712748,-0.0038282578689489144,0.9958711871824373,0.004714427723770398,0.9994421472951165,0.0025964575333061735,0.9988192503247785
SQSTM_MOUSE_Tsuboyama_2023_2RRU,40,0.6400577288932895,-0.020103182190527535,0.9819784468241975,-0.008767860432640884,0.9965599063945043,0.016427862221993883,0.9974630151167572
SR43C_ARATH_Tsuboyama_2023_2N88,48,0.697946919861594,0.007879596799951205,0.9972457615896476,0.005271624053757584,0.9994280879910448,0.002457952418357001,0.9995117590237923
SRBS1_HUMAN_Tsuboyama_2023_2O2W,67,0.6725202789617734,0.010879790503699804,0.9881110196784008,0.01745227688068174,0.9972936217159689,0.006312057828575801,0.9984162273164162
SRC_HUMAN_Ahler_2019,536,0.5149802005698392,-0.002615513459203078,0.9941528788551381,-0.0006332618774058663,0.9981466610433686,-0.00044127845998465087,0.9969940529728986
SRC_HUMAN_Chakraborty_2023_binding-DAS_25uM,536,0.42600584628591354,-0.0020420104832782338,0.9941087611148037,-0.0009459954797890746,0.9981666938329914,4.590710840146617e-05,0.9970125747050703
SRC_HUMAN_Nguyen_2022,536,0.44260940853881575,-0.004102611804012113,0.9941451899809259,-0.001546230175856922,0.9981423259049012,-0.0010628656357654087,0.99698816871554
SUMO1_HUMAN_Weile_2017,101,0.3804187766849535,0.0005966787083387937,0.9847041970113765,-0.002381234964482448,0.9963275558289636,0.009300622358688115,0.9955333812979338
SYUA_HUMAN_Newberry_2020,140,0.20603120307773898,-0.027883433387873913,0.9794587432550289,0.0014966346833401312,0.9968500698731996,0.003963013175906055,0.9981344002251751
TADBP_HUMAN_Bolognesi_2019,414,-0.02769858975253305,0.013079752061932721,0.9767798608530314,0.002457681055883256,0.997270597318463,0.02181918282289879,0.7374301268244017
TAT_HV1BR_Fernandes_2016,86,-0.056597502015367375,-0.027086830907947605,0.8911580418915576,-0.0044175198034906715,0.9955151789774144,0.002773590566792994,0.9934278600100798
TCRG1_MOUSE_Tsuboyama_2023_1E0L,37,0.7068119962848096,0.0035975677031143682,0.9941787992810355,-0.003020564499779166,0.9988281138461722,-0.007912750563808912,0.9990330778009621
THO1_YEAST_Tsuboyama_2023_2WQG,41,0.531923660971563,0.001547319365068689,0.9954922530681117,0.0025692665614599486,0.9992308717415297,-0.004042475860736805,0.9992357411555676
TNKS2_HUMAN_Tsuboyama_2023_5JRT,59,0.5291325976166793,-0.0030784124778356903,0.9946263370625426,0.009193991584545702,0.9989053044487619,-0.00894063692012137,0.9986517723371326
TPK1_HUMAN_Weile_2017,243,0.3277778621643693,-0.006475507267082958,0.9862609443770181,-0.002112480333706146,0.9971234776681557,-0.00366973383472019,0.9954513862844024
TPMT_HUMAN_Matreyek_2018,245,0.4763005951285298,0.0131846645301536,0.9858064447130824,0.0013879830222484624,0.9978343473047022,0.0021825247639973844,0.9960222711920123
TPOR_HUMAN_Bridgford_2020,635,0.4220729266104698,-0.04756398331782974,0.9753308767064961,-0.010428458939799545,0.9955420039003717,0.011106511677091924,0.9910947021161575
TRPC_SACS2_Chan_2017,248,0.6320109554343954,-0.001970550845422081,0.9962338313245427,-0.0013827387988475381,0.9989369031412455,-0.0006515002775806522,0.9978907359006688
TRPC_THEMA_Chan_2017,252,0.4702172179528086,-0.0020015572847388308,0.9960327080350476,-0.0031062036267116566,0.9989864712265454,-0.0016164196465990321,0.9985870856160284
UBC9_HUMAN_Weile_2017,159,0.5181655179102753,0.00036274094775201604,0.9941518066670004,-0.0015304163622573697,0.9985527320940207,-0.0037998754668677748,0.9977039760954054
UBE4B_HUMAN_Tsuboyama_2023_3L1X,69,0.46742701845089085,0.0015304861839390282,0.9916522947982495,0.0002473604188077405,0.9989349567219101,-0.0017445067768439015,0.996765922480476
UBR5_HUMAN_Tsuboyama_2023_1I2T,58,0.5914460070433563,-0.368797037531422,0.3930297127853158,0.010224425818451288,0.988639914194854,0.003366203083526087,0.9951096219980629
VG08_BPP22_Tsuboyama_2023_2GP8,40,0.6112599137585324,0.03956612758957345,0.9752991152777636,-0.0012900898177743425,0.9984947135341238,0.0012402898495729175,0.9990007888085084
VILI_CHICK_Tsuboyama_2023_1YU5,65,0.5886788769702593,0.0023044492230656077,0.9942596147198569,0.014518802992731339,0.9986778678258383,-0.0010593200323850693,0.9992848516160542
VKOR1_HUMAN_Chiasson_2020_abundance,163,0.4844032945674297,0.0015956449742879908,0.9947093378532033,-0.0015801500255742118,0.998915168588122,1.9513345443866736e-05,0.9973476857456796
VKOR1_HUMAN_Chiasson_2020_activity,163,0.44592970675457183,-0.005499694807002908,0.9957089210512693,-0.0022063658356279436,0.9989937474309906,-0.00038144643999032946,0.997626121667047
VRPI_BPT7_Tsuboyama_2023_2WNM,56,0.6116780192343813,0.03154233454805355,0.9928018691357999,0.007158788380810077,0.9988595140349183,-0.005515425699253451,0.9985970279108395
YAIA_ECOLI_Tsuboyama_2023_2KVT,52,0.6838558105872368,-0.0018052058425629403,0.9947280373655061,0.00033515137342510215,0.9990844903215013,0.0025328919359942637,0.9993055253004576
YAP1_HUMAN_Araya_2012,504,0.3821693799287501,-0.001517209210305015,0.9889013208974999,0.0036326944695302954,0.9971181188187115,-0.0028761307231779387,0.9977399288553124
YNZC_BACSU_Tsuboyama_2023_2JVD,39,0.6312144025473103,0.0029209650346350147,0.9958735421227404,0.005011555366116527,0.9992082914439652,-0.0022510080213593575,0.9994076323393356
